condition,rows,success,cap_hits,repetition,instruction_echo,gsm8k_strict_correct,mean_generation_e2e_ms,mean_warm_e2e_ms,mean_cold_start_e2e_ms,mean_compression_total_ms,mean_target_prefill_ms,mean_decode_total_ms,generation_tok_s,warm_request_tok_s,peak_cuda_allocated_bytes,peak_cuda_reserved_bytes,cpu_compressor_memory_delta_bytes,global_target_forwards_per_output_token,effective_tau,draft_acceptance_rate,rollback_tokens,model_composition,semantic_correctness,reference_recall,reference_precision,invalid_outputs,empty_outputs
baseline-ar,3,3,0,0,0,3,2591.6199233324733,2597.575974332964,6390.113232332321,0.0,175.93619333395813,2415.619803000785,30.225625535633036,30.15632039538273,2743870976,2915041280,0,1.0,0.0,0.0,0,target-only GPU,numeric,,,0,0
dflash-r1,3,3,0,0,0,3,1217.98855967063,1227.4868920018587,5398.683041001884,0.0,170.690180665891,1047.1226190008263,64.31368563471264,63.816024304408394,3853929472,3898605568,0,0.1702127659574468,6.3643724696356285,0.3576248313090418,360,target plus drafter GPU,numeric,,,0,0
cc-dflash-r2,3,3,0,0,0,3,1219.4260556643712,1229.2280683323042,5333.713821331912,0.0,170.86645333620254,1048.376869664935,64.23787073391304,63.72563021572416,3853931008,3898605568,0,0.1702127659574468,6.3643724696356285,0.3576248313090418,360,target plus drafter GPU; CPU compressor,numeric,,,0,0
