condition,rows,success,cap_hits,repetition,instruction_echo,gsm8k_strict_correct,gsm8k_wrong_numeric,gsm8k_no_final_answer,mean_generation_e2e_ms,mean_warm_e2e_ms,mean_cold_start_e2e_ms,mean_compression_total_ms,mean_target_prefill_ms,mean_decode_total_ms,generation_tok_s,warm_request_tok_s,peak_cuda_allocated_bytes,peak_cuda_reserved_bytes,cpu_compressor_memory_delta_bytes,global_target_forwards_per_output_token,effective_tau,draft_acceptance_rate,rollback_tokens,correction_tokens,bonus_target_tokens,seed_aware_output_accounting_pass,model_composition,semantic_correctness,reference_recall,reference_precision,invalid_outputs,empty_outputs,warm_e2e_delta_vs_baseline_ms,warm_e2e_delta_vs_dflash_ms,warm_e2e_delta_vs_llmlingua_ar_ms,mean_input_tokens_precompression,mean_input_tokens_final,full_prompt_reduction_tokens,full_prompt_reduction_pct,compression_bypass_count,compression_bypass_reasons
baseline-ar,100,100,0,0,0,83,17,0,2233.970860570189,2235.135461620157,6048.079750625985,0.0,120.06443864025641,2113.8550559103896,30.98518482122573,30.969040216392653,2756937216,3063939072,0,1.0,0.0,0.0,0,0,0,True,target-only GPU,numeric,,,0,0,0.0,795.3924923505838,0.3062681099982001,150.23,150.23,0.0,0.0,0,[]
dflash-r1,100,100,0,0,0,84,16,0,1436.7786036001053,1439.7429692695732,5591.946948269324,0.0,123.10896282026079,1313.4810979298345,48.17722078165483,48.07802606260858,3873268736,3963617280,0,0.23808147934123086,4.406976744186046,0.22915590008613265,17899,1486,15,True,target plus drafter GPU,numeric,,,0,0,-795.3924923505838,0.0,-795.0862242405856,150.23,150.23,0.0,0.0,0,[]
llmlingua-ar-r2,100,100,0,0,0,83,17,0,2233.0226874796062,2234.829193510159,6116.534152509922,0.0,120.23805586024537,2112.73696426033,30.998341569976624,30.973284312291828,2756939264,3074424832,0,1.0,0.0,0.0,0,0,0,False,target; compressor bypassed and not loaded,numeric,,,0,0,-0.3062681099982001,795.0862242405856,0.0,150.23,150.23,0.0,0.0,100,['below_min_context_tokens']
cc-dflash-r2,100,100,0,0,0,84,16,0,1424.783845320053,1428.7090607802384,5650.576527780504,0.0,122.12410804007959,1302.4736393697094,48.58280800092236,48.44933226796922,3873270784,3963617280,0,0.23808147934123086,4.406976744186046,0.22915590008613265,17899,1486,15,True,target plus drafter; compressor bypassed and not loaded,numeric,,,0,0,-806.4264008399186,-11.033908489334863,-806.1201327299204,150.23,150.23,0.0,0.0,100,['below_min_context_tokens']
