{"gsm8k":{"baseline-ar":{"cap_hits":10,"global_weighted_tau":0.0,"mean_decode_total_ms":7818.007994302025,"mean_per_row_tau":0.0,"mean_request_e2e_ms":7926.641788199777,"mean_target_prefill_ms":108.53043070019339},"dflash-r1":{"cap_hits":10,"global_weighted_tau":3.6063977746870655,"mean_decode_total_ms":6113.126520798687,"mean_per_row_tau":3.7085882399232215,"mean_request_e2e_ms":6228.269288200681,"mean_target_prefill_ms":112.46865860011894}},"qmsum":{"baseline-ar":{"cap_hits":10,"global_weighted_tau":0.0,"mean_decode_total_ms":11630.411282100249,"mean_per_row_tau":0.0,"mean_request_e2e_ms":12280.505432900827,"mean_target_prefill_ms":649.9644563991751},"dflash-r1":{"cap_hits":10,"global_weighted_tau":4.591016548463357,"mean_decode_total_ms":8259.089189299993,"mean_per_row_tau":5.233773616276876,"mean_request_e2e_ms":8894.40970840078,"mean_target_prefill_ms":632.0753960004367}}}
