dataset,condition,rows,success_count,cap_hits,mean_target_prefill_ms,mean_decode_total_ms,mean_request_e2e_ms,mean_per_row_tau,global_weighted_tau
gsm8k,baseline-ar,10,10,10,108.53043070019339,7818.007994302025,7926.641788199777,0.0,0.0
gsm8k,dflash-r1,10,10,10,112.46865860011894,6113.126520798687,6228.269288200681,3.7085882399232215,3.6063977746870655
qmsum,baseline-ar,10,10,10,649.9644563991751,11630.411282100249,12280.505432900827,0.0,0.0
qmsum,dflash-r1,10,10,10,632.0753960004367,8259.089189299993,8894.40970840078,5.233773616276876,4.591016548463357
