condition,rows,numeric_matches,numeric_match_rate,exact_containment_matches,final_answer_marker_count,hit_cap_count,avg_output_tokens,avg_generation_latency_s,avg_e2e_latency_s,avg_t_compress_ms,avg_tau_mean,generation_tok_per_sec_weighted,e2e_tok_per_sec_weighted,avg_compression_ratio,avg_original_input_tokens,avg_compressed_input_tokens,protected_suffix_preserved_count
Baseline-AR,30,25,0.833333,25,30,0,174.83333333333334,9.709116000200003,9.709116000200003,0.0,0.0,18.007131991185588,18.007131991185588,0.0,0.0,0.0,0
DFlash-R1,30,24,0.8,25,30,1,168.83333333333334,2.989840470666665,2.989840470666665,0.0,5.213563424959952,56.469010634432756,56.469010634432756,0.0,0.0,0.0,0
LLMLingua-AR-R2,30,24,0.8,25,25,3,172.8,9.723285715333338,10.557274934566664,833.9892192333258,0.0,17.771770269745282,16.36786017897646,2.6666666666666665,16.0,6.0,30
CC-DFlash-R2,30,24,0.8,25,26,3,175.36666666666667,3.240428434800003,4.109472206033335,869.0437712333315,5.458316882672703,54.118358172440296,42.673768765050056,2.6666666666666665,16.0,6.0,30
