dataset,condition,rows,success_count,cap_hits,mean_request_e2e_ms,mean_target_prefill_ms,mean_decode_total_ms,mean_compression_total_ms,mean_per_row_tau,global_weighted_tau
gsm8k,baseline-ar,30,30,30,7861.6483374336285,88.92943120032821,7772.616865999832,0.0,0.0,0.0
gsm8k,dflash-r1,30,30,30,6533.469000666325,93.46512280026218,6438.541838032931,0.0,3.507976953152587,3.450199203187251
gsm8k,cc-dflash-r2,30,30,30,6310.497891499108,90.53576339962699,6218.7397026003355,0.010413199682564786,3.507976953152587,3.450199203187251
qmsum,baseline-ar,30,30,30,12493.04621969956,677.543499499734,11815.369362166288,0.0,0.0,0.0
qmsum,dflash-r1,30,30,30,7976.913191400187,644.8113670999495,7330.204877200352,0.0,5.962738064073602,5.091979075850044
qmsum,cc-dflash-r2,30,30,29,8646.531717167332,340.73313329863595,8304.151987599713,2769.164758500119,4.266476695461093,3.8842498302783435
