{
  "comparisons": {
    "C1_vs_C2_dflash_uncompressed": {
      "decode_tok_s_delta": 18.85681198110381,
      "decode_tok_s_delta_percent": 82.90743584820397,
      "left": "C1",
      "pipeline_e2e_latency_delta_ms": -987.4734749497293,
      "pipeline_e2e_latency_delta_percent": -32.91265779747587,
      "pipeline_e2e_tok_s_delta": 7.727925535387691,
      "pipeline_e2e_tok_s_delta_percent": 45.44153548052832,
      "right": "C2"
    },
    "C1_vs_C3_compression_on_ar": {
      "decode_tok_s_delta": 1.1152077750528164,
      "decode_tok_s_delta_percent": 4.903215727041334,
      "left": "C1",
      "pipeline_e2e_latency_delta_ms": 752.9999767000845,
      "pipeline_e2e_latency_delta_percent": 25.097616476127488,
      "pipeline_e2e_tok_s_delta": -2.8809761132042855,
      "pipeline_e2e_tok_s_delta_percent": -16.94063661292246,
      "right": "C3"
    },
    "C2_vs_C4_cc_dflash_vs_dflash": {
      "decode_tok_s_delta": -0.7003622593316976,
      "decode_tok_s_delta_percent": -1.6835134341476388,
      "left": "C2",
      "pipeline_e2e_latency_delta_ms": 830.2358282999194,
      "pipeline_e2e_latency_delta_percent": 41.24757302030742,
      "pipeline_e2e_tok_s_delta": -5.8535644517110015,
      "pipeline_e2e_tok_s_delta_percent": -23.665845388083927,
      "right": "C4"
    },
    "C3_vs_C4_dflash_compressed": {
      "decode_tok_s_delta": 17.041241946719296,
      "decode_tok_s_delta_percent": 71.42292859883173,
      "left": "C3",
      "pipeline_e2e_latency_delta_ms": -910.2376233498944,
      "pipeline_e2e_latency_delta_percent": -24.251760078117247,
      "pipeline_e2e_tok_s_delta": 4.755337196880975,
      "pipeline_e2e_tok_s_delta_percent": 33.665323253517876,
      "right": "C4"
    }
  },
  "compression": {
    "compressor_compressed_tokens": {
      "count": 20,
      "max": 1049.0,
      "mean": 950.9,
      "median": 967.0,
      "min": 778.0,
      "stdev": 68.88655815713862
    },
    "compressor_latency_ms": {
      "count": 20,
      "max": 1699.1870999991079,
      "mean": 619.7547135499917,
      "median": 578.9145489980001,
      "min": 265.1829589958652,
      "stdev": 300.2797116079789
    },
    "compressor_original_tokens": {
      "count": 20,
      "max": 1150.0,
      "mean": 1051.55,
      "median": 1069.5,
      "min": 912.0,
      "stdev": 55.324378370708
    },
    "compressor_token_keep_rate": {
      "count": 20,
      "max": 0.9632690541781451,
      "mean": 0.9042182952745155,
      "median": 0.9101194257266525,
      "min": 0.7927170868347339,
      "stdev": 0.044335977147880595
    },
    "fallback_count": 0,
    "fallback_rate": 0.0,
    "llmlingua_keep_rate": {
      "count": 20,
      "max": 0.9626262626262626,
      "mean": 0.9078341352255579,
      "median": 0.9149898309526564,
      "min": 0.804004214963119,
      "stdev": 0.04166055390433671
    },
    "overall_keep_rate": {
      "count": 20,
      "max": 0.16850176956350768,
      "mean": 0.08349460149414326,
      "median": 0.07410296705746562,
      "min": 0.04094242941826585,
      "stdev": 0.0365515031907813
    },
    "peak_allocated_bytes": 2269495296,
    "peak_reserved_bytes": 2285895680,
    "policy": {
      "enabled": true,
      "long_keep_rate": 0.55,
      "medium_keep_rate": 0.7,
      "medium_max_target_user_tokens": 512,
      "mode": "adaptive_target_user_tokens",
      "retry_keep_rate": 0.9,
      "short_keep_rate": 0.85,
      "short_max_target_user_tokens": 127
    },
    "selection_keep_rate": {
      "count": 20,
      "max": 0.19268580416830516,
      "mean": 0.09267734424291597,
      "median": 0.08028745733523299,
      "min": 0.04687029036471416,
      "stdev": 0.042969120071988505
    },
    "successful_compressions": 20,
    "target_full_compressed_tokens": {
      "count": 20,
      "max": 1054.0,
      "mean": 951.7,
      "median": 962.0,
      "min": 789.0,
      "stdev": 70.47888821633416
    },
    "target_full_keep_rate": {
      "count": 20,
      "max": 0.9660861594867094,
      "mean": 0.9171243489021903,
      "median": 0.9244827244827245,
      "min": 0.8231939163498099,
      "stdev": 0.03760870441743627
    },
    "target_full_original_tokens": {
      "count": 20,
      "max": 1106.0,
      "mean": 1037.25,
      "median": 1052.0,
      "min": 910.0,
      "stdev": 56.26803804348573
    },
    "target_user_compressed_tokens": {
      "count": 20,
      "max": 983.0,
      "mean": 880.7,
      "median": 891.0,
      "min": 718.0,
      "stdev": 70.47888821633416
    },
    "target_user_keep_rate": {
      "count": 20,
      "max": 0.9637254901960784,
      "mean": 0.9109798248403645,
      "median": 0.9184060282458453,
      "min": 0.8103975535168195,
      "stdev": 0.04045333037391133
    },
    "target_user_original_tokens": {
      "count": 20,
      "max": 1035.0,
      "mean": 966.25,
      "median": 981.0,
      "min": 839.0,
      "stdev": 56.26803804348573
    }
  },
  "conditions": {
    "C1": {
      "compressor_latency_ms": null,
      "decode_tok_s": {
        "count": 20,
        "max": 24.871733609622584,
        "mean": 22.74441585146709,
        "median": 23.12142409770231,
        "min": 18.070763374600478,
        "stdev": 1.6836376324787745
      },
      "empty_outputs": 0,
      "failed_rows": 0,
      "fallback_count": 0,
      "generation_latency_ms": {
        "count": 20,
        "max": 6332.815804002166,
        "mean": 3000.2848175496183,
        "median": 2590.4464419982105,
        "min": 863.7440879974747,
        "stdev": 1465.6149203753284
      },
      "measured_rows": 20,
      "pipeline_e2e_latency_ms": {
        "count": 20,
        "max": 6332.815804002166,
        "mean": 3000.2848175496183,
        "median": 2590.4464419982105,
        "min": 863.7440879974747,
        "stdev": 1465.6149203753284
      },
      "pipeline_e2e_tok_s": {
        "count": 20,
        "max": 21.791254359993825,
        "mean": 17.00630371238028,
        "median": 18.077614070920816,
        "min": 6.946501959753549,
        "stdev": 3.33810837249711
      },
      "quality": {
        "count": 20,
        "max": 0.3157894736842105,
        "mean": 0.19143806836076255,
        "median": 0.16784037558685447,
        "min": 0.0,
        "stdev": 0.08009643370260253
      },
      "rouge_l_f1": {
        "count": 20,
        "max": 0.3157894736842105,
        "mean": 0.19143806836076255,
        "median": 0.16784037558685447,
        "min": 0.0,
        "stdev": 0.08009643370260253
      },
      "rouge_l_precision": {
        "count": 20,
        "max": 0.6,
        "mean": 0.2475631740992103,
        "median": 0.22740315638450503,
        "min": 0.0,
        "stdev": 0.13258380516973248
      },
      "rouge_l_recall": {
        "count": 20,
        "max": 0.36585365853658536,
        "mean": 0.17825690325957544,
        "median": 0.17755102040816328,
        "min": 0.0,
        "stdev": 0.08971670266470418
      },
      "successful_rows": 20,
      "target_full_compressed_tokens": {
        "count": 20,
        "max": 1054.0,
        "mean": 951.7,
        "median": 962.0,
        "min": 789.0,
        "stdev": 70.47888821633416
      },
      "target_full_keep_rate": {
        "count": 20,
        "max": 0.9660861594867094,
        "mean": 0.9171243489021903,
        "median": 0.9244827244827245,
        "min": 0.8231939163498099,
        "stdev": 0.03760870441743627
      },
      "target_full_original_tokens": {
        "count": 20,
        "max": 1106.0,
        "mean": 1037.25,
        "median": 1052.0,
        "min": 910.0,
        "stdev": 56.26803804348573
      },
      "target_user_compressed_tokens": {
        "count": 20,
        "max": 983.0,
        "mean": 880.7,
        "median": 891.0,
        "min": 718.0,
        "stdev": 70.47888821633416
      },
      "target_user_keep_rate": {
        "count": 20,
        "max": 0.9637254901960784,
        "mean": 0.9109798248403645,
        "median": 0.9184060282458453,
        "min": 0.8103975535168195,