stage,condition,rows,max_new_tokens,exact_match_count,numeric_match_count,truncated_or_stopped_early_count,avg_output_tokens,avg_generation_time_s,avg_tok_per_sec,avg_e2e_time_s,e2e_tok_per_sec,avg_t_compress_ms,avg_t_prefill_ms,avg_tau_mean,max_vram_reserved_gib,artifact
task51_mnt32,Baseline-AR,10,32,2,0,10,32.0,1.915849261400035,16.71601421626227,1.915849261400035,16.702775445191094,0.0,126.96221279993551,0.0,2.607421875,results/phase_1_system_build_and_evaluation/early_experiments/task51_gsm8k_short_baseline_ar_n10.jsonl
task51_mnt32,DFlash-R1,10,32,2,0,10,32.0,0.831993511300061,40.84714803085093,0.831993511300061,38.46183842226998,0.0,126.53431200005798,4.994780219780219,3.654296875,results/phase_1_system_build_and_evaluation/early_experiments/task51_gsm8k_short_dflash_r1_n10.jsonl
task51_mnt32,LLMLingua-AR-R2,10,32,3,1,10,32.0,1.9861508383,16.168671705303282,2.757839505299762,11.603285810688165,771.6886669997621,130.6024408999292,0.0,2.603515625,results/phase_1_system_build_and_evaluation/early_experiments/task51_gsm8k_short_llmlingua_ar_r2_n10.jsonl
task51_mnt32,CC-DFlash-R2,10,32,3,1,10,32.0,0.7436262512002031,45.606389196297,1.4786214141003255,21.64178044145976,734.9951629001225,135.81424799967863,6.005833333333333,3.6484375,results/phase_1_system_build_and_evaluation/early_experiments/task51_gsm8k_short_cc_dflash_r2_n10.jsonl
task53_mnt128,Baseline-AR,10,128,5,2,10,120.7,6.8714445227,17.583063622175654,6.8714445227,17.56544778921875,0.0,129.2983332000034,0.0,2.62109375,results/phase_1_system_build_and_evaluation/early_experiments/task53_gsm8k_short_baseline_ar_n10_mnt128.jsonl
task53_mnt128,DFlash-R1,10,128,5,2,10,120.7,2.342345844400009,52.893598084933465,2.342345844400009,51.52953834232675,0.0,128.0967607000008,5.6911301822171385,3.671875,results/phase_1_system_build_and_evaluation/early_experiments/task53_gsm8k_short_dflash_r1_n10_mnt128.jsonl
task53_mnt128,LLMLingua-AR-R2,10,128,3,0,10,128.0,7.09704929780001,18.045649349257285,8.0127155012,15.974609354447997,915.6662033999908,125.76103569999191,0.0,2.62109375,results/phase_1_system_build_and_evaluation/early_experiments/task53_gsm8k_short_llmlingua_ar_r2_n10_mnt128.jsonl
task53_mnt128,CC-DFlash-R2,10,128,3,0,10,128.0,2.305483227299993,57.46968535578105,3.1074680868999964,41.19109075958123,801.9848596000031,121.06773039999439,5.713588112907926,3.662109375,results/phase_1_system_build_and_evaluation/early_experiments/task53_gsm8k_short_cc_dflash_r2_n10_mnt128.jsonl
