{"gsm8k":{"baseline-ar":{"cap_hits":10,"global_weighted_tau":0.0,"mean_decode_total_ms":210.0514331010345,"mean_per_row_tau":0.0,"mean_request_e2e_ms":320.0691880978411,"mean_target_prefill_ms":109.92936360053136},"dflash-r1":{"cap_hits":10,"global_weighted_tau":1.5254237288135593,"mean_decode_total_ms":503.31125870070537,"mean_per_row_tau":1.5804761904761906,"mean_request_e2e_ms":616.7666112989536,"mean_target_prefill_ms":111.09530710091349}},"qmsum":{"baseline-ar":{"cap_hits":10,"global_weighted_tau":0.0,"mean_decode_total_ms":208.11388970032567,"mean_per_row_tau":0.0,"mean_request_e2e_ms":857.5555899988103,"mean_target_prefill_ms":649.3162551996647},"dflash-r1":{"cap_hits":10,"global_weighted_tau":1.6,"mean_decode_total_ms":606.7161439001211,"mean_per_row_tau":1.6316666666666668,"mean_request_e2e_ms":1254.1088603997196,"mean_target_prefill_ms":644.4300866009144}}}
