condition,rows,success,cap_hits,repetition,instruction_echo,gsm8k_strict_correct,gsm8k_wrong_numeric,gsm8k_no_final_answer,mean_generation_e2e_ms,mean_warm_e2e_ms,mean_cold_start_e2e_ms,mean_compression_total_ms,mean_target_prefill_ms,mean_decode_total_ms,generation_tok_s,warm_request_tok_s,peak_cuda_allocated_bytes,peak_cuda_reserved_bytes,cpu_compressor_memory_delta_bytes,global_target_forwards_per_output_token,effective_tau,draft_acceptance_rate,rollback_tokens,correction_tokens,bonus_target_tokens,seed_aware_output_accounting_pass,model_composition,semantic_correctness,reference_recall,reference_precision,invalid_outputs,empty_outputs,warm_e2e_delta_vs_baseline_ms,warm_e2e_delta_vs_dflash_ms,mean_input_tokens_precompression,mean_input_tokens_final,full_prompt_reduction_tokens,full_prompt_reduction_pct,compression_bypass_count,compression_bypass_reasons
baseline-ar,3,3,0,0,0,,,,1978.544103001089,1988.5880100021798,5778.819700002107,0.0,689.324994001557,1289.1553556643582,22.407048327145088,22.29387540825248,3120494080,3246391296,0,1.0,0.0,0.0,0,0,0,True,target-only GPU,NOT_CLAIMED,0.23943089430894307,0.26587301587301587,0,0,0.0,-678.4065999963789,1969.3333333333333,1969.3333333333333,0.0,0.0,0,[]
dflash-r1,3,3,0,0,0,,,,2655.0139726653774,2666.9946099985586,6774.018086992631,0.0,679.7454006688591,1975.0671843333596,16.69796610856513,16.62295572969204,4540579328,4714397696,0,0.47368421052631576,2.1666666666666665,0.0811111111111111,827,57,0,True,target plus drafter GPU,NOT_CLAIMED,0.23943089430894307,0.26587301587301587,0,0,678.4065999963789,0.0,1969.3333333333333,1969.3333333333333,0.0,0.0,0,[]
cc-dflash-r2,3,3,0,0,0,,,,2590.639726666268,5371.457538002384,9850.804194999606,2759.8657773341984,398.2704830001846,2192.15228233467,17.88490034195407,8.625840008141337,4185822208,4267704320,151887872,0.539568345323741,1.8888888888888888,0.06111111111111111,1014,70,0,True,target plus drafter GPU; CPU compressor,NOT_CLAIMED,0.25728319783197834,0.26325403744758585,0,0,3382.869528000205,2704.4629280038257,1969.3333333333333,963.3333333333334,1005.9999999999999,51.08327691266079,0,[]
