condition,rows,success,cap_hits,repetition,instruction_echo,gsm8k_strict_correct,mean_generation_e2e_ms,mean_warm_e2e_ms,mean_cold_start_e2e_ms,mean_compression_total_ms,mean_target_prefill_ms,mean_decode_total_ms,generation_tok_s,warm_request_tok_s,peak_cuda_allocated_bytes,peak_cuda_reserved_bytes,cpu_compressor_memory_delta_bytes,global_target_forwards_per_output_token,effective_tau,draft_acceptance_rate,rollback_tokens,model_composition,semantic_correctness,reference_recall,reference_precision,invalid_outputs,empty_outputs
baseline-ar,3,3,0,0,0,,2056.6531316629457,2068.59565666673,5870.716700657795,0.0,732.7222483315078,1323.8627406632684,21.556057582489267,21.431609019604476,3120494080,3282042880,0,1.0,0.0,0.0,0,target-only GPU,NOT_CLAIMED,0.23943089430894307,0.26587301587301587,0,0
dflash-r1,3,3,0,0,0,,2664.1919483348224,2674.4496619988545,6830.358860000463,0.0,680.4519136664263,1983.5685883323702,16.640442653181438,16.57661909411265,4539923968,4714397696,0,0.47368421052631576,2.2274509803921565,0.08541238717709305,827,target plus drafter GPU,NOT_CLAIMED,0.23943089430894307,0.26587301587301587,0,0
cc-dflash-r2,3,3,0,0,0,,2560.0938123340406,5360.464676334232,9865.115121334384,2777.5051853338177,387.98841766644426,2171.8666343343407,18.098295113291638,8.643529270491996,4185560064,4267704320,153366528,0.539568345323741,1.885897435897436,0.06102564102564103,1014,target plus drafter GPU; CPU compressor,NOT_CLAIMED,0.25728319783197834,0.26325403744758585,0,0
