dataset,condition,rows,success_count,cap_hits,mean_request_e2e_ms,mean_target_prefill_ms,mean_decode_total_ms,mean_compression_total_ms,mean_per_row_tau,global_weighted_tau
gsm8k,baseline-ar,30,30,30,294.7938462343397,84.76927459972406,209.94383786649755,0.0,0.0,0.0
gsm8k,dflash-r1,30,30,30,466.2491902675053,87.92495676655865,377.17037086598185,0.0,2.202301587301587,2.127659574468085
gsm8k,cc-dflash-r2,30,30,30,459.18787079960265,86.95060610067837,371.15845926722005,0.009226400046221292,2.202301587301587,2.127659574468085
qmsum,baseline-ar,30,30,30,847.8058636993713,634.941929300597,212.74199853360187,0.0,0.0,0.0
qmsum,dflash-r1,30,30,30,1229.2752596328985,638.184444999691,589.3037903328756,0.0,1.516547619047619,1.427807486631016
qmsum,cc-dflash-r2,30,30,30,885.057255866559,339.91524120016646,543.7712177995612,2534.860052733226,1.4277777777777778,1.3670212765957446
