condition,display_name,logical_prompt_sha256,rendered_prompt_sha256,original_input_tokens,compressed_input_tokens,input_tokens,compressed_tokens,compression_ratio,compression_retained_ratio,compression_reduction_pct,compression_factor,output_tokens,cap_hit,t_model_load_ms,t_warmup_ms,t_compress_ms,t_prefill_ms,t_generation_ms,t_e2e_ms,steady_state_e2e_ms,cold_start_e2e_ms,generation_tok_s,e2e_tok_s,peak_vram_gib,peak_allocated_gib,peak_reserved_gib,finish_reason,run_status
baseline_ar,Baseline-AR,10a2b1d08d3c3fd84832a72b8cbe4ed29638923ca7dc9946b1071ac8b9867653,9ad68c9456e2cabf9a86c79b24bc4d8dcfbb9f724c80eb35686177e900d534dc,103,,103,,,,,,128,True,5423.704709000958,4496.079970998835,0.0,114.53431600057229,4251.538549000543,4366.072865001115,4366.072865001115,9919.784679999793,30.106748068905645,29.31696376990431,2.5587821006774902,2.5587821006774902,2.83203125,length,OK
dflash_r1,DFlash-R1,10a2b1d08d3c3fd84832a72b8cbe4ed29638923ca7dc9946b1071ac8b9867653,9ad68c9456e2cabf9a86c79b24bc4d8dcfbb9f724c80eb35686177e900d534dc,103,,103,,,,,,128,True,6030.835741999908,2708.555446999526,0.0,91.11764599947492,2334.8130340000353,2425.93067999951,2425.93067999951,8739.391188999434,54.82237683961724,52.763255378766985,3.6010003089904785,3.6010003089904785,3.703125,length,OK
cc_dflash_r2,CC-DFlash-R2 Light GPU,10a2b1d08d3c3fd84832a72b8cbe4ed29638923ca7dc9946b1071ac8b9867653,9ad68c9456e2cabf9a86c79b24bc4d8dcfbb9f724c80eb35686177e900d534dc,103,94,103,94,2.6666666666666665,0.375,62.5,2.6666666666666665,128,True,6546.7766229994595,4876.597172000402,54.65747800008103,135.3356019990315,2122.340213998541,2312.3332939976535,2312.3332939976535,11423.373794999861,60.31078295352321,55.35534186713565,5.686404705047607,5.686404705047607,5.736328125,length,OK
