fixture_id,prompt_id,output_tokens,generated_token_count,t_compress_ms,generation_time_s,tokens_per_second,R_actual,tau_mean,t_prefill_ms,vram_allocated_gib,vram_reserved_gib,cap_limited_incomplete_heuristic
qmsum_meeting_qa_test_0001,1,86,86,309.45310400011294,3.7875114179998945,22.706202175732265,2.194413407821229,2.4857142857142858,460.71629799985203,4.162718296051025,4.7890625,False
qmsum_meeting_qa_test_0036,2,114,114,100.93565500005752,4.978030042,22.9006251545639,2.1345532831001077,2.3,347.7533800000856,4.162718772888184,5.078125,False
qmsum_meeting_qa_test_0094,3,116,116,101.65931400001682,5.275747307000074,21.987406380530494,2.1330108827085854,2.207547169811321,356.205214000056,4.162717342376709,5.078125,False
qmsum_meeting_qa_test_0055,4,77,77,125.73575500005063,3.75118833800002,20.526828583886367,2.149270482603816,2.138888888888889,358.1454909999593,4.162718296051025,5.078125,False
qmsum_meeting_qa_test_0070,5,109,109,122.76387900010377,4.528975446000004,24.067253465961915,2.220982142857143,2.4444444444444446,346.26460899994527,4.162718296051025,5.078125,False
qmsum_meeting_qa_test_0078,6,64,64,117.97281999997722,3.369336876999796,18.99483558230259,2.145654834761322,2,337.6210749997881,4.162717342376709,5.078125,False
