condition,rows,success,cap_hits,repetition,instruction_echo,gsm8k_strict_correct,mean_generation_e2e_ms,mean_warm_e2e_ms,mean_cold_start_e2e_ms,mean_compression_total_ms,mean_target_prefill_ms,mean_decode_total_ms,generation_tok_s,warm_request_tok_s,peak_cuda_allocated_bytes,peak_cuda_reserved_bytes,cpu_compressor_memory_delta_bytes,global_target_forwards_per_output_token,effective_tau,draft_acceptance_rate,rollback_tokens,model_composition,semantic_correctness
baseline-ar,3,3,0,0,0,,2020.1878806668294,2029.0477500002453,5812.544991000323,0.0,704.1186063343048,1316.0042083339551,21.945153595664408,21.849329732791144,3120494080,3252682752,0,1.0,0.0,0.0,0,target-only GPU,NOT_CLAIMED
dflash-r1,3,3,0,0,0,,2744.2655006664913,2755.2670183328396,7023.4789113334655,0.0,692.55264966705,2051.5343313333383,16.154899488612248,16.09039452015021,4539923968,4714397696,0,0.47368421052631576,2.2274509803921565,0.08541238717709305,827,target plus drafter GPU,NOT_CLAIMED
cc-dflash-r2,3,3,0,0,0,,2700.2821629994287,5742.788863999522,10382.150557999921,3025.1440276661015,416.2143183330045,2283.868116666781,17.158700660329153,8.068089290865002,4185822208,4267704320,0,0.539568345323741,1.885897435897436,0.06102564102564103,1014,target plus drafter GPU; CPU compressor,NOT_CLAIMED
