{
  "baseline-ar": {
    "cap_hits": 9,
    "error_events": 0,
    "oom_events": 0,
    "p50_decode_ms": 7299.569759999713,
    "p50_decode_tok_s": 22.714468117791462,
    "p50_generation_ms": 10429.748375499912,
    "p50_prefill_ms": 3135.3313545002948,
    "p50_stage_sum_e2e_ms": 10440.98564199976,
    "p50_synchronized_request_ms": 10524.985726999603,
    "peak_allocated_vram_bytes": 4548281856,
    "peak_reserved_vram_bytes": 4645191680,
    "runs": 20,
    "successful_runs": 20,
    "total_output_tokens": 3493
  },
  "cc-dflash-r2": {
    "cap_hits": 5,
    "dflash": {
      "p50_acceptance_rate": 0.12458117066652963,
      "p50_effective_tau": 2.7525252525252526,
      "p50_target_forwards_per_output_token": 0.3744279176201373
    },
    "error_events": 0,
    "oom_events": 0,
    "p50_decode_ms": 3463.762260499834,
    "p50_decode_tok_s": 47.00482217133779,
    "p50_generation_ms": 4969.753374500215,
    "p50_prefill_ms": 1507.2103070001504,
    "p50_stage_sum_e2e_ms": 5331.582743499894,
    "p50_synchronized_request_ms": 5014.969256999848,
    "peak_allocated_vram_bytes": 5994086400,
    "peak_reserved_vram_bytes": 6138363904,
    "runs": 20,
    "successful_runs": 20,
    "total_output_tokens": 3224
  },
  "dflash-r1": {
    "cap_hits": 9,
    "dflash": {
      "p50_acceptance_rate": 0.18040691192865105,
      "p50_effective_tau": 3.385964912280702,
      "p50_target_forwards_per_output_token": 0.3144982130783348
    },
    "error_events": 0,
    "oom_events": 0,
    "p50_decode_ms": 2787.095991499882,
    "p50_decode_tok_s": 50.76066786465442,
    "p50_generation_ms": 5921.301846999995,
    "p50_prefill_ms": 3134.5522839999376,
    "p50_stage_sum_e2e_ms": 5935.275640500095,
    "p50_synchronized_request_ms": 6032.781601000352,
    "peak_allocated_vram_bytes": 5994086400,
    "peak_reserved_vram_bytes": 6138363904,
    "runs": 20,
    "successful_runs": 20,
    "total_output_tokens": 3479
  },
  "llmlingua-ar-r2": {
    "cap_hits": 5,
    "error_events": 0,
    "oom_events": 0,
    "p50_decode_ms": 6915.932754500091,
    "p50_decode_tok_s": 23.297205257365796,
    "p50_generation_ms": 8434.133322499974,
    "p50_prefill_ms": 1518.1413850000354,
    "p50_stage_sum_e2e_ms": 8794.376813999634,
    "p50_synchronized_request_ms": 8471.362482999893,
    "peak_allocated_vram_bytes": 4548281856,
    "peak_reserved_vram_bytes": 4645191680,
    "runs": 20,
    "successful_runs": 20,
    "total_output_tokens": 3226
  }
}
