condition,rows,success,cap_hits,repetition,instruction_echo,gsm8k_strict_correct,gsm8k_wrong_numeric,gsm8k_no_final_answer,mean_generation_e2e_ms,mean_warm_e2e_ms,mean_cold_start_e2e_ms,mean_compression_total_ms,mean_target_prefill_ms,mean_decode_total_ms,generation_tok_s,warm_request_tok_s,peak_cuda_allocated_bytes,peak_cuda_reserved_bytes,cpu_compressor_memory_delta_bytes,global_target_forwards_per_output_token,effective_tau,draft_acceptance_rate,rollback_tokens,correction_tokens,bonus_target_tokens,seed_aware_output_accounting_pass,model_composition,semantic_correctness,reference_recall,reference_precision,invalid_outputs,empty_outputs,warm_e2e_delta_vs_baseline_ms,warm_e2e_delta_vs_dflash_ms,warm_e2e_delta_vs_llmlingua_ar_ms,mean_input_tokens_precompression,mean_input_tokens_final,full_prompt_reduction_tokens,full_prompt_reduction_pct,compression_bypass_count,compression_bypass_reasons
baseline-ar,3,3,0,0,0,3,0,0,2590.5305726652537,2595.980737666347,6350.412661670513,0.0,174.34219999995548,2416.122283997538,30.238335791088733,30.174851529811797,2743870976,3030384640,0,1.0,0.0,0.0,0,0,0,True,target-only GPU,numeric,,,0,0,0.0,1398.0946983332008,-10.337838665388517,140.33333333333334,140.33333333333334,0.0,0.0,0,[]
dflash-r1,3,3,0,0,0,3,0,0,1188.7250539997087,1197.8860393331463,5301.728592331831,0.0,166.85720699994513,1021.6960489973038,65.89693139701632,65.39297626086442,3853929472,3898605568,0,0.1702127659574468,6.27027027027027,0.35135135135135137,360,35,2,True,target plus drafter GPU,numeric,,,0,0,-1398.0946983332008,0.0,-1408.4325369985893,140.33333333333334,140.33333333333334,0.0,0.0,0,[]
llmlingua-ar-r2,3,3,0,0,0,3,0,0,2597.899939331304,2606.3185763317356,6387.4220943301525,0.0,176.57349700069366,2421.2692220001677,30.15255982241419,30.05516441646348,2743872512,3032481792,0,1.0,0.0,0.0,0,0,0,False,target; compressor bypassed and not loaded,numeric,,,0,0,10.337838665388517,1408.4325369985893,0.0,140.33333333333334,140.33333333333334,0.0,0.0,3,['below_min_context_tokens']
cc-dflash-r2,3,3,0,0,0,3,0,0,1226.146162332346,1234.5943476708878,5352.350527670448,0.0,176.59430900190878,1049.3757179986762,63.885803943903014,63.44864082774422,3853537792,3898605568,0,0.1702127659574468,6.27027027027027,0.35135135135135137,360,35,2,True,target plus drafter; compressor bypassed and not loaded,numeric,,,0,0,-1361.3863899954592,36.70830833774153,-1371.7242286608478,140.33333333333334,140.33333333333334,0.0,0.0,3,['below_min_context_tokens']
