dataset,condition,row_count,status,empty_output_count,repetition_count,hit_cap_count,avg_output_tokens,avg_generation_latency_s,avg_e2e_latency_s,generation_tok_per_sec_weighted,e2e_tok_per_sec_weighted,avg_t_compress_ms,avg_t_prefill_ms,max_vram_allocated_gib,max_vram_reserved_gib,numeric_match_count,numeric_match_rate,overlap_proxy,generic_output_count
gsm8k_short,Baseline-AR,10,PASS,0,0,0,167.3,10.984378792099983,11.144171013499966,15.230945957806146,15.012332437947519,0.0,159.79222139998228,2.5024755001068115,2.65625,10,1.0,,
gsm8k_short,DFlash-R1,10,PASS,0,0,0,161.7,3.2379636878999802,3.386479455299957,50.38672062836332,47.748702490113715,0.0,148.51576739997654,3.5108407974243163,3.841796875,10,1.0,,
gsm8k_short,LLMLingua-AR-R2,10,PASS,0,0,0,161.3,9.951725462000013,11.088020459200015,16.207720465789574,14.547231455202201,991.2167633000081,145.0782338999943,2.5024749279022216,2.654296875,10,1.0,,
gsm8k_short,CC-DFlash-R2,10,PASS,0,0,0,164.8,3.0601649566000333,4.124913049700058,55.48059398420509,39.95235730168504,914.5851859999766,150.16290710004796,3.5108404636383055,3.748046875,10,1.0,,
qmsum_meeting_qa_long,Baseline-AR,10,PASS,0,0,0,102.9,7.528791499800013,8.387671118199977,13.64207508200178,12.26800604719975,0.0,858.8796183999648,2.502520275115967,4.2162109375,,,0.33287341461783654,
qmsum_meeting_qa_long,DFlash-R1,10,PASS,0,0,0,102,15.928348451900025,18.00035345270005,8.176230412243415,5.666555396705281,0.0,2072.005000800027,3.510870838165283,5.230078125,,,0.33754718067598394,
qmsum_meeting_qa_long,LLMLingua-AR-R2,10,PASS,0,0,0,112.6,7.1527348841000045,13.3982224804,15.737152864370477,8.404099884497391,5770.33493790002,475.1526583999748,2.502497100830078,3.42421875,,,0.29358916776259575,
qmsum_meeting_qa_long,CC-DFlash-R2,10,PASS,0,0,0,114.7,5.9418376530000385,12.208176677600022,19.282314028492102,9.395342402805774,5802.56419389998,463.7748307000038,3.5108554363250732,4.43984375,,,0.3076285766295908,
