condition,rows,avg_answer_token_overlap,normalized_containment_count,empty_output_count,repetition_count,hit_cap_count,avg_input_tokens,avg_output_tokens,avg_generation_latency_s,avg_e2e_latency_s,avg_t_compress_ms,avg_t_prefill_ms,generation_tok_per_sec_weighted,e2e_tok_per_sec_weighted,avg_compression_ratio,max_vram_allocated_gib,max_vram_reserved_gib
Baseline-AR,10,0.25785,0,0,0,10,2027.2,32.0,2.531713480000144,2.531713480000144,0.0,700.3543711999555,12.639660946150265,12.639660946150265,0.0,2.5025229454040527,4.31640625
DFlash-R1,10,0.25785,0,0,0,9,2027.2,30.6,2.006813405400135,2.006813405400135,0.0,729.9707770997884,15.248054411864327,15.248054411864327,0.0,3.5108695030212402,5.318359375
LLMLingua-AR-R2,10,0.188711,0,0,0,10,990.8,32.0,2.4737788397998886,7.725765337099892,5251.986497300004,421.8744110001353,12.93567536643194,4.14198446415824,2.0685543212788415,2.5024967193603516,3.41796875
CC-DFlash-R2,10,0.188711,0,0,0,10,990.8,32.0,1.5561961370000972,6.777503686799991,5221.307549799894,430.7495404999827,20.562960695742944,4.7215024113264406,2.0685543212788415,3.5108518600463867,4.39453125
