condition,rows,success,cap_hits,repetition,instruction_echo,gsm8k_strict_correct,mean_generation_e2e_ms,mean_warm_e2e_ms,mean_cold_start_e2e_ms,mean_compression_total_ms,mean_target_prefill_ms,mean_decode_total_ms,generation_tok_s,warm_request_tok_s,peak_cuda_allocated_bytes,peak_cuda_reserved_bytes,cpu_compressor_memory_delta_bytes,global_target_forwards_per_output_token,effective_tau,draft_acceptance_rate,rollback_tokens,model_composition,semantic_correctness
baseline-ar,3,3,0,0,0,3,2521.478314999816,2527.575119666532,6307.12309166726,0.0,175.0874566660059,2346.327998333436,31.066431492724952,30.991495652824753,2743870976,3034578944,0,1.0,0.0,0.0,0,target-only GPU,numeric
dflash-r1,3,3,0,0,0,3,1267.035940666877,1273.9264933334198,5437.4820583325345,0.0,177.87371399996724,1088.9825133332731,61.82408155849492,61.4896807180471,3853405184,3898605568,0,0.1702127659574468,6.3643724696356285,0.3576248313090418,360,target plus drafter GPU,numeric
cc-dflash-r2,3,3,0,0,0,3,1271.5053290000167,1279.9962383329937,5405.366363331875,0.0,178.0579820000033,1093.2800130006701,61.60676762160256,61.19809651577645,3853406720,3898605568,0,0.1702127659574468,6.3643724696356285,0.3576248313090418,360,target plus drafter GPU; CPU compressor,numeric
