{"gsm8k":{"baseline-ar":{"cap_hits":0,"mean_generation_request_e2e_ms":2521.478314999816,"mean_warm_request_e2e_ms":2527.575119666532,"rows":3,"success":3},"cc-dflash-r2":{"cap_hits":0,"mean_generation_request_e2e_ms":1271.5053290000167,"mean_warm_request_e2e_ms":1279.9962383329937,"rows":3,"success":3},"dflash-r1":{"cap_hits":0,"mean_generation_request_e2e_ms":1267.035940666877,"mean_warm_request_e2e_ms":1273.9264933334198,"rows":3,"success":3}},"qmsum":{"baseline-ar":{"cap_hits":0,"mean_generation_request_e2e_ms":2020.1878806668294,"mean_warm_request_e2e_ms":2029.0477500002453,"rows":3,"success":3},"cc-dflash-r2":{"cap_hits":0,"mean_generation_request_e2e_ms":2700.2821629994287,"mean_warm_request_e2e_ms":5742.788863999522,"rows":3,"success":3},"dflash-r1":{"cap_hits":0,"mean_generation_request_e2e_ms":2744.2655006664913,"mean_warm_request_e2e_ms":2755.2670183328396,"rows":3,"success":3}}}
